iso_code,continent,location,population,date,total_cases,new_cases,total_deaths,new_deaths,icu_patients,hosp_patients,total_tests,new_tests,positive_rate
AFG,Asia,Afghanistan,41128772,05-01-2020,,0,,0,,,,,
AFG,Asia,Afghanistan,41128772,06-01-2020,,0,,0,,,,,
AFG,Asia,Afghanistan,41128772,07-01-2020,,0,,0,,,,,
AFG,Asia,Afghanistan,41128772,08-01-2020,,0,,0,,,,,
AFG,Asia,Afghanistan,41128772,09-01-2020,,0,,0,,,,,
AFG,Asia,Afghanistan,41128772,10-01-2020,,0,,0,,,,,
AFG,Asia,Afghanistan,41128772,11-01-2020,,0,,0,,,,,
AFG,Asia,Afghanistan,41128772,12-01-2020,,0,,0,,,,,
AFG,Asia,Afghanistan,41128772,13-01-2020,,0,,0,,,,,
AFG,Asia,Afghanistan,41128772,14-01-2020,,0,,0,,,,,
AFG,Asia,Afghanistan,41128772,15-01-2020,,0,,0,,,,,
AFG,Asia,Afghanistan,41128772,16-01-2020,,0,,0,,,,,
AFG,Asia,Afghanistan,41128772,17-01-2020,,0,,0,,,,,
AFG,Asia,Afghanistan,41128772,18-01-2020,,0,,0,,,,,
AFG,Asia,Afghanistan,41128772,19-01-2020,,0,,0,,,,,
AFG,Asia,Afghanistan,41128772,20-01-2020,,0,,0,,,,,
AFG,Asia,Afghanistan,41128772,21-01-2020,,0,,0,,,,,
AFG,Asia,Afghanistan,41128772,22-01-2020,,0,,0,,,,,
AFG,Asia,Afghanistan,41128772,23-01-2020,,0,,0,,,,,
AFG,Asia,Afghanistan,41128772,24-01-2020,,0,,0,,,,,
AFG,Asia,Afghanistan,41128772,25-01-2020,,0,,0,,,,,
AFG,Asia,Afghanistan,41128772,26-01-2020,,0,,0,,,,,
AFG,Asia,Afghanistan,41128772,27-01-2020,,0,,0,,,,,
AFG,Asia,Afghanistan,41128772,28-01-2020,,0,,0,,,,,
AFG,Asia,Afghanistan,41128772,29-01-2020,,0,,0,,,,,
AFG,Asia,Afghanistan,41128772,30-01-2020,,0,,0,,,,,
AFG,Asia,Afghanistan,41128772,31-01-2020,,0,,0,,,,,
AFG,Asia,Afghanistan,41128772,01-02-2020,,0,,0,,,,,
AFG,Asia,Afghanistan,41128772,02-02-2020,,0,,0,,,,,
AFG,Asia,Afghanistan,41128772,03-02-2020,,0,,0,,,,,
AFG,Asia,Afghanistan,41128772,04-02-2020,,0,,0,,,,,
AFG,Asia,Afghanistan,41128772,05-02-2020,,0,,0,,,,,
AFG,Asia,Afghanistan,41128772,06-02-2020,,0,,0,,,,,
AFG,Asia,Afghanistan,41128772,07-02-2020,,0,,0,,,,,
AFG,Asia,Afghanistan,41128772,08-02-2020,,0,,0,,,,,
AFG,Asia,Afghanistan,41128772,09-02-2020,,0,,0,,,,,
AFG,Asia,Afghanistan,41128772,10-02-2020,,0,,0,,,,,
AFG,Asia,Afghanistan,41128772,11-02-2020,,0,,0,,,,,
AFG,Asia,Afghanistan,41128772,12-02-2020,,0,,0,,,,,
AFG,Asia,Afghanistan,41128772,13-02-2020,,0,,0,,,,,
AFG,Asia,Afghanistan,41128772,14-02-2020,,0,,0,,,,,
AFG,Asia,Afghanistan,41128772,15-02-2020,,0,,0,,,,,
AFG,Asia,Afghanistan,41128772,16-02-2020,,0,,0,,,,,
AFG,Asia,Afghanistan,41128772,17-02-2020,,0,,0,,,,,
AFG,Asia,Afghanistan,41128772,18-02-2020,,0,,0,,,,,
AFG,Asia,Afghanistan,41128772,19-02-2020,,0,,0,,,,,
AFG,Asia,Afghanistan,41128772,20-02-2020,,0,,0,,,,,
AFG,Asia,Afghanistan,41128772,21-02-2020,,0,,0,,,,,
AFG,Asia,Afghanistan,41128772,22-02-2020,,0,,0,,,,,
AFG,Asia,Afghanistan,41128772,23-02-2020,,0,,0,,,,,
AFG,Asia,Afghanistan,41128772,24-02-2020,,0,,0,,,,,
AFG,Asia,Afghanistan,41128772,25-02-2020,,0,,0,,,,,
AFG,Asia,Afghanistan,41128772,26-02-2020,,0,,0,,,,,
AFG,Asia,Afghanistan,41128772,27-02-2020,,0,,0,,,,,
AFG,Asia,Afghanistan,41128772,28-02-2020,,0,,0,,,,,
AFG,Asia,Afghanistan,41128772,29-02-2020,,0,,0,,,,,
AFG,Asia,Afghanistan,41128772,01-03-2020,1,1,,0,,,,,
AFG,Asia,Afghanistan,41128772,02-03-2020,1,0,,0,,,,,
AFG,Asia,Afghanistan,41128772,03-03-2020,1,0,,0,,,,,
AFG,Asia,Afghanistan,41128772,04-03-2020,1,0,,0,,,,,
AFG,Asia,Afghanistan,41128772,05-03-2020,1,0,,0,,,,,
AFG,Asia,Afghanistan,41128772,06-03-2020,1,0,,0,,,,,
AFG,Asia,Afghanistan,41128772,07-03-2020,1,0,,0,,,,,
AFG,Asia,Afghanistan,41128772,08-03-2020,1,0,,0,,,,,
AFG,Asia,Afghanistan,41128772,09-03-2020,1,0,,0,,,,,
AFG,Asia,Afghanistan,41128772,10-03-2020,1,0,,0,,,,,
AFG,Asia,Afghanistan,41128772,11-03-2020,1,0,,0,,,,,
AFG,Asia,Afghanistan,41128772,12-03-2020,1,0,,0,,,,,
AFG,Asia,Afghanistan,41128772,13-03-2020,1,0,,0,,,,,
AFG,Asia,Afghanistan,41128772,14-03-2020,1,0,,0,,,,,
AFG,Asia,Afghanistan,41128772,15-03-2020,7,6,,0,,,,,
AFG,Asia,Afghanistan,41128772,16-03-2020,7,0,,0,,,,,
AFG,Asia,Afghanistan,41128772,17-03-2020,7,0,,0,,,,,
AFG,Asia,Afghanistan,41128772,18-03-2020,7,0,,0,,,,,
AFG,Asia,Afghanistan,41128772,19-03-2020,7,0,,0,,,,,
AFG,Asia,Afghanistan,41128772,20-03-2020,7,0,,0,,,,,
AFG,Asia,Afghanistan,41128772,21-03-2020,7,0,,0,,,,,
AFG,Asia,Afghanistan,41128772,22-03-2020,24,17,,0,,,,,
AFG,Asia,Afghanistan,41128772,23-03-2020,24,0,,0,,,,,
AFG,Asia,Afghanistan,41128772,24-03-2020,24,0,,0,,,,,
AFG,Asia,Afghanistan,41128772,25-03-2020,24,0,,0,,,,,
AFG,Asia,Afghanistan,41128772,26-03-2020,24,0,,0,,,,,
AFG,Asia,Afghanistan,41128772,27-03-2020,24,0,,0,,,,,
AFG,Asia,Afghanistan,41128772,28-03-2020,24,0,,0,,,,,
AFG,Asia,Afghanistan,41128772,29-03-2020,91,67,2,2,,,,,
AFG,Asia,Afghanistan,41128772,30-03-2020,91,0,2,0,,,,,
AFG,Asia,Afghanistan,41128772,31-03-2020,91,0,2,0,,,,,
AFG,Asia,Afghanistan,41128772,01-04-2020,91,0,2,0,,,,,
AFG,Asia,Afghanistan,41128772,02-04-2020,91,0,2,0,,,,,
AFG,Asia,Afghanistan,41128772,03-04-2020,91,0,2,0,,,,,
AFG,Asia,Afghanistan,41128772,04-04-2020,91,0,2,0,,,,,
AFG,Asia,Afghanistan,41128772,05-04-2020,274,183,5,3,,,,,
AFG,Asia,Afghanistan,41128772,06-04-2020,274,0,5,0,,,,,
AFG,Asia,Afghanistan,41128772,07-04-2020,274,0,5,0,,,,,
AFG,Asia,Afghanistan,41128772,08-04-2020,274,0,5,0,,,,,
AFG,Asia,Afghanistan,41128772,09-04-2020,274,0,5,0,,,,,
AFG,Asia,Afghanistan,41128772,10-04-2020,274,0,5,0,,,,,
AFG,Asia,Afghanistan,41128772,11-04-2020,274,0,5,0,,,,,
AFG,Asia,Afghanistan,41128772,12-04-2020,521,247,15,10,,,,,
AFG,Asia,Afghanistan,41128772,13-04-2020,521,0,15,0,,,,,
AFG,Asia,Afghanistan,41128772,14-04-2020,521,0,15,0,,,,,
AFG,Asia,Afghanistan,41128772,15-04-2020,521,0,15,0,,,,,
AFG,Asia,Afghanistan,41128772,16-04-2020,521,0,15,0,,,,,
AFG,Asia,Afghanistan,41128772,17-04-2020,521,0,15,0,,,,,
AFG,Asia,Afghanistan,41128772,18-04-2020,521,0,15,0,,,,,
AFG,Asia,Afghanistan,41128772,19-04-2020,908,387,30,15,,,,,
AFG,Asia,Afghanistan,41128772,20-04-2020,908,0,30,0,,,,,
AFG,Asia,Afghanistan,41128772,21-04-2020,908,0,30,0,,,,,
AFG,Asia,Afghanistan,41128772,22-04-2020,908,0,30,0,,,,,
AFG,Asia,Afghanistan,41128772,23-04-2020,908,0,30,0,,,,,
AFG,Asia,Afghanistan,41128772,24-04-2020,908,0,30,0,,,,,
AFG,Asia,Afghanistan,41128772,25-04-2020,908,0,30,0,,,,,
AFG,Asia,Afghanistan,41128772,26-04-2020,1330,422,43,13,,,,,
AFG,Asia,Afghanistan,41128772,27-04-2020,1330,0,43,0,,,,,
AFG,Asia,Afghanistan,41128772,28-04-2020,1330,0,43,0,,,,,
AFG,Asia,Afghanistan,41128772,29-04-2020,1330,0,43,0,,,,,
AFG,Asia,Afghanistan,41128772,30-04-2020,1330,0,43,0,,,,,
AFG,Asia,Afghanistan,41128772,01-05-2020,1330,0,43,0,,,,,
AFG,Asia,Afghanistan,41128772,02-05-2020,1330,0,43,0,,,,,
AFG,Asia,Afghanistan,41128772,03-05-2020,2171,841,64,21,,,,,
AFG,Asia,Afghanistan,41128772,04-05-2020,2171,0,64,0,,,,,
AFG,Asia,Afghanistan,41128772,05-05-2020,2171,0,64,0,,,,,
AFG,Asia,Afghanistan,41128772,06-05-2020,2171,0,64,0,,,,,
AFG,Asia,Afghanistan,41128772,07-05-2020,2171,0,64,0,,,,,
AFG,Asia,Afghanistan,41128772,08-05-2020,2171,0,64,0,,,,,
AFG,Asia,Afghanistan,41128772,09-05-2020,2171,0,64,0,,,,,
AFG,Asia,Afghanistan,41128772,10-05-2020,3563,1392,105,41,,,,,
AFG,Asia,Afghanistan,41128772,11-05-2020,3563,0,105,0,,,,,
AFG,Asia,Afghanistan,41128772,12-05-2020,3563,0,105,0,,,,,
AFG,Asia,Afghanistan,41128772,13-05-2020,3563,0,105,0,,,,,
AFG,Asia,Afghanistan,41128772,14-05-2020,3563,0,105,0,,,,,
AFG,Asia,Afghanistan,41128772,15-05-2020,3563,0,105,0,,,,,
AFG,Asia,Afghanistan,41128772,16-05-2020,3563,0,105,0,,,,,
AFG,Asia,Afghanistan,41128772,17-05-2020,6053,2490,153,48,,,,,
AFG,Asia,Afghanistan,41128772,18-05-2020,6053,0,153,0,,,,,
AFG,Asia,Afghanistan,41128772,19-05-2020,6053,0,153,0,,,,,
AFG,Asia,Afghanistan,41128772,20-05-2020,6053,0,153,0,,,,,
AFG,Asia,Afghanistan,41128772,21-05-2020,6053,0,153,0,,,,,
AFG,Asia,Afghanistan,41128772,22-05-2020,6053,0,153,0,,,,,
AFG,Asia,Afghanistan,41128772,23-05-2020,6053,0,153,0,,,,,
AFG,Asia,Afghanistan,41128772,24-05-2020,9866,3813,211,58,,,,,
AFG,Asia,Afghanistan,41128772,25-05-2020,9866,0,211,0,,,,,
AFG,Asia,Afghanistan,41128772,26-05-2020,9866,0,211,0,,,,,
AFG,Asia,Afghanistan,41128772,27-05-2020,9866,0,211,0,,,,,
AFG,Asia,Afghanistan,41128772,28-05-2020,9866,0,211,0,,,,,
AFG,Asia,Afghanistan,41128772,29-05-2020,9866,0,211,0,,,,,
AFG,Asia,Afghanistan,41128772,30-05-2020,9866,0,211,0,,,,,
AFG,Asia,Afghanistan,41128772,31-05-2020,14443,4577,248,37,,,,,
AFG,Asia,Afghanistan,41128772,01-06-2020,14443,0,248,0,,,,,
AFG,Asia,Afghanistan,41128772,02-06-2020,14443,0,248,0,,,,,
AFG,Asia,Afghanistan,41128772,03-06-2020,14443,0,248,0,,,,,
AFG,Asia,Afghanistan,41128772,04-06-2020,14443,0,248,0,,,,,
AFG,Asia,Afghanistan,41128772,05-06-2020,14443,0,248,0,,,,,
AFG,Asia,Afghanistan,41128772,06-06-2020,14443,0,248,0,,,,,
AFG,Asia,Afghanistan,41128772,07-06-2020,19551,5108,327,79,,,,,
AFG,Asia,Afghanistan,41128772,08-06-2020,19551,0,327,0,,,,,
AFG,Asia,Afghanistan,41128772,09-06-2020,19551,0,327,0,,,,,
AFG,Asia,Afghanistan,41128772,10-06-2020,19551,0,327,0,,,,,
AFG,Asia,Afghanistan,41128772,11-06-2020,19551,0,327,0,,,,,
AFG,Asia,Afghanistan,41128772,12-06-2020,19551,0,327,0,,,,,
AFG,Asia,Afghanistan,41128772,13-06-2020,19551,0,327,0,,,,,
AFG,Asia,Afghanistan,41128772,14-06-2020,24102,4551,451,124,,,,,
AFG,Asia,Afghanistan,41128772,15-06-2020,24102,0,451,0,,,,,
AFG,Asia,Afghanistan,41128772,16-06-2020,24102,0,451,0,,,,,
AFG,Asia,Afghanistan,41128772,17-06-2020,24102,0,451,0,,,,,
AFG,Asia,Afghanistan,41128772,18-06-2020,24102,0,451,0,,,,,
AFG,Asia,Afghanistan,41128772,19-06-2020,24102,0,451,0,,,,,
AFG,Asia,Afghanistan,41128772,20-06-2020,24102,0,451,0,,,,,
AFG,Asia,Afghanistan,41128772,21-06-2020,28297,4195,548,97,,,,,
AFG,Asia,Afghanistan,41128772,22-06-2020,28297,0,548,0,,,,,
AFG,Asia,Afghanistan,41128772,23-06-2020,28297,0,548,0,,,,,
AFG,Asia,Afghanistan,41128772,24-06-2020,28297,0,548,0,,,,,
AFG,Asia,Afghanistan,41128772,25-06-2020,28297,0,548,0,,,,,
AFG,Asia,Afghanistan,41128772,26-06-2020,28297,0,548,0,,,,,
AFG,Asia,Afghanistan,41128772,27-06-2020,28297,0,548,0,,,,,
AFG,Asia,Afghanistan,41128772,28-06-2020,30616,2319,703,155,,,,,
AFG,Asia,Afghanistan,41128772,29-06-2020,30616,0,703,0,,,,,
AFG,Asia,Afghanistan,41128772,30-06-2020,30616,0,703,0,,,,,
AFG,Asia,Afghanistan,41128772,01-07-2020,30616,0,703,0,,,,,
AFG,Asia,Afghanistan,41128772,02-07-2020,30616,0,703,0,,,,,
AFG,Asia,Afghanistan,41128772,03-07-2020,30616,0,703,0,,,,,
AFG,Asia,Afghanistan,41128772,04-07-2020,30616,0,703,0,,,,,
AFG,Asia,Afghanistan,41128772,05-07-2020,32672,2056,826,123,,,,,
AFG,Asia,Afghanistan,41128772,06-07-2020,32672,0,826,0,,,,,
AFG,Asia,Afghanistan,41128772,07-07-2020,32672,0,826,0,,,,,
AFG,Asia,Afghanistan,41128772,08-07-2020,32672,0,826,0,,,,,
AFG,Asia,Afghanistan,41128772,09-07-2020,32672,0,826,0,,,,,
AFG,Asia,Afghanistan,41128772,10-07-2020,32672,0,826,0,,,,,
AFG,Asia,Afghanistan,41128772,11-07-2020,32672,0,826,0,,,,,
AFG,Asia,Afghanistan,41128772,12-07-2020,34351,1679,975,149,,,,,
AFG,Asia,Afghanistan,41128772,13-07-2020,34351,0,975,0,,,,,
AFG,Asia,Afghanistan,41128772,14-07-2020,34351,0,975,0,,,,,
AFG,Asia,Afghanistan,41128772,15-07-2020,34351,0,975,0,,,,,
AFG,Asia,Afghanistan,41128772,16-07-2020,34351,0,975,0,,,,,
AFG,Asia,Afghanistan,41128772,17-07-2020,34351,0,975,0,,,,,
AFG,Asia,Afghanistan,41128772,18-07-2020,34351,0,975,0,,,,,
AFG,Asia,Afghanistan,41128772,19-07-2020,35289,938,1147,172,,,,,
AFG,Asia,Afghanistan,41128772,20-07-2020,35289,0,1147,0,,,,,
AFG,Asia,Afghanistan,41128772,21-07-2020,35289,0,1147,0,,,,,
AFG,Asia,Afghanistan,41128772,22-07-2020,35289,0,1147,0,,,,,
AFG,Asia,Afghanistan,41128772,23-07-2020,35289,0,1147,0,,,,,
AFG,Asia,Afghanistan,41128772,24-07-2020,35289,0,1147,0,,,,,
AFG,Asia,Afghanistan,41128772,25-07-2020,35289,0,1147,0,,,,,
AFG,Asia,Afghanistan,41128772,26-07-2020,36036,747,1246,99,,,,,
AFG,Asia,Afghanistan,41128772,27-07-2020,36036,0,1246,0,,,,,
AFG,Asia,Afghanistan,41128772,28-07-2020,36036,0,1246,0,,,,,
AFG,Asia,Afghanistan,41128772,29-07-2020,36036,0,1246,0,,,,,
AFG,Asia,Afghanistan,41128772,30-07-2020,36036,0,1246,0,,,,,
AFG,Asia,Afghanistan,41128772,31-07-2020,36036,0,1246,0,,,,,
AFG,Asia,Afghanistan,41128772,01-08-2020,36036,0,1246,0,,,,,
AFG,Asia,Afghanistan,41128772,02-08-2020,36710,674,1283,37,,,,,
AFG,Asia,Afghanistan,41128772,03-08-2020,36710,0,1283,0,,,,,
AFG,Asia,Afghanistan,41128772,04-08-2020,36710,0,1283,0,,,,,
AFG,Asia,Afghanistan,41128772,05-08-2020,36710,0,1283,0,,,,,
AFG,Asia,Afghanistan,41128772,06-08-2020,36710,0,1283,0,,,,,
AFG,Asia,Afghanistan,41128772,07-08-2020,36710,0,1283,0,,,,,
AFG,Asia,Afghanistan,41128772,08-08-2020,36710,0,1283,0,,,,,
AFG,Asia,Afghanistan,41128772,09-08-2020,37015,305,1307,24,,,,,
AFG,Asia,Afghanistan,41128772,10-08-2020,37015,0,1307,0,,,,,
AFG,Asia,Afghanistan,41128772,11-08-2020,37015,0,1307,0,,,,,
AFG,Asia,Afghanistan,41128772,12-08-2020,37015,0,1307,0,,,,,
AFG,Asia,Afghanistan,41128772,13-08-2020,37015,0,1307,0,,,,,
AFG,Asia,Afghanistan,41128772,14-08-2020,37015,0,1307,0,,,,,
AFG,Asia,Afghanistan,41128772,15-08-2020,37015,0,1307,0,,,,,
AFG,Asia,Afghanistan,41128772,16-08-2020,37551,536,1370,63,,,,,
AFG,Asia,Afghanistan,41128772,17-08-2020,37551,0,1370,0,,,,,
AFG,Asia,Afghanistan,41128772,18-08-2020,37551,0,1370,0,,,,,
AFG,Asia,Afghanistan,41128772,19-08-2020,37551,0,1370,0,,,,,
AFG,Asia,Afghanistan,41128772,20-08-2020,37551,0,1370,0,,,,,
AFG,Asia,Afghanistan,41128772,21-08-2020,37551,0,1370,0,,,,,
AFG,Asia,Afghanistan,41128772,22-08-2020,37551,0,1370,0,,,,,
AFG,Asia,Afghanistan,41128772,23-08-2020,37894,343,1385,15,,,,,
AFG,Asia,Afghanistan,41128772,24-08-2020,37894,0,1385,0,,,,,
AFG,Asia,Afghanistan,41128772,25-08-2020,37894,0,1385,0,,,,,
AFG,Asia,Afghanistan,41128772,26-08-2020,37894,0,1385,0,,,,,
AFG,Asia,Afghanistan,41128772,27-08-2020,37894,0,1385,0,,,,,
AFG,Asia,Afghanistan,41128772,28-08-2020,37894,0,1385,0,,,,,
AFG,Asia,Afghanistan,41128772,29-08-2020,37894,0,1385,0,,,,,
AFG,Asia,Afghanistan,41128772,30-08-2020,38143,249,1402,17,,,,,
AFG,Asia,Afghanistan,41128772,31-08-2020,38143,0,1402,0,,,,,
AFG,Asia,Afghanistan,41128772,01-09-2020,38143,0,1402,0,,,,,
AFG,Asia,Afghanistan,41128772,02-09-2020,38143,0,1402,0,,,,,
AFG,Asia,Afghanistan,41128772,03-09-2020,38143,0,1402,0,,,,,
AFG,Asia,Afghanistan,41128772,04-09-2020,38143,0,1402,0,,,,,
AFG,Asia,Afghanistan,41128772,05-09-2020,38143,0,1402,0,,,,,
AFG,Asia,Afghanistan,41128772,06-09-2020,38304,161,1409,7,,,,,
AFG,Asia,Afghanistan,41128772,07-09-2020,38304,0,1409,0,,,,,
AFG,Asia,Afghanistan,41128772,08-09-2020,38304,0,1409,0,,,,,
AFG,Asia,Afghanistan,41128772,09-09-2020,38304,0,1409,0,,,,,
AFG,Asia,Afghanistan,41128772,10-09-2020,38304,0,1409,0,,,,,
AFG,Asia,Afghanistan,41128772,11-09-2020,38304,0,1409,0,,,,,
AFG,Asia,Afghanistan,41128772,12-09-2020,38304,0,1409,0,,,,,
AFG,Asia,Afghanistan,41128772,13-09-2020,38641,337,1420,11,,,,,
AFG,Asia,Afghanistan,41128772,14-09-2020,38641,0,1420,0,,,,,
AFG,Asia,Afghanistan,41128772,15-09-2020,38641,0,1420,0,,,,,
AFG,Asia,Afghanistan,41128772,16-09-2020,38641,0,1420,0,,,,,
AFG,Asia,Afghanistan,41128772,17-09-2020,38641,0,1420,0,,,,,
AFG,Asia,Afghanistan,41128772,18-09-2020,38641,0,1420,0,,,,,
AFG,Asia,Afghanistan,41128772,19-09-2020,38641,0,1420,0,,,,,
AFG,Asia,Afghanistan,41128772,20-09-2020,38919,278,1437,17,,,,,
AFG,Asia,Afghanistan,41128772,21-09-2020,38919,0,1437,0,,,,,
AFG,Asia,Afghanistan,41128772,22-09-2020,38919,0,1437,0,,,,,
AFG,Asia,Afghanistan,41128772,23-09-2020,38919,0,1437,0,,,,,
AFG,Asia,Afghanistan,41128772,24-09-2020,38919,0,1437,0,,,,,
AFG,Asia,Afghanistan,41128772,25-09-2020,38919,0,1437,0,,,,,
AFG,Asia,Afghanistan,41128772,26-09-2020,38919,0,1437,0,,,,,
AFG,Asia,Afghanistan,41128772,27-09-2020,39192,273,1453,16,,,,,
AFG,Asia,Afghanistan,41128772,28-09-2020,39192,0,1453,0,,,,,
AFG,Asia,Afghanistan,41128772,29-09-2020,39192,0,1453,0,,,,,
AFG,Asia,Afghanistan,41128772,30-09-2020,39192,0,1453,0,,,,,
AFG,Asia,Afghanistan,41128772,01-10-2020,39192,0,1453,0,,,,,
AFG,Asia,Afghanistan,41128772,02-10-2020,39192,0,1453,0,,,,,
AFG,Asia,Afghanistan,41128772,03-10-2020,39192,0,1453,0,,,,,
AFG,Asia,Afghanistan,41128772,04-10-2020,39297,105,1462,9,,,,,
AFG,Asia,Afghanistan,41128772,05-10-2020,39297,0,1462,0,,,,,
AFG,Asia,Afghanistan,41128772,06-10-2020,39297,0,1462,0,,,,,
AFG,Asia,Afghanistan,41128772,07-10-2020,39297,0,1462,0,,,,,
AFG,Asia,Afghanistan,41128772,08-10-2020,39297,0,1462,0,,,,,
AFG,Asia,Afghanistan,41128772,09-10-2020,39297,0,1462,0,,,,,
AFG,Asia,Afghanistan,41128772,10-10-2020,39297,0,1462,0,,,,,
AFG,Asia,Afghanistan,41128772,11-10-2020,39703,406,1473,11,,,,,
AFG,Asia,Afghanistan,41128772,12-10-2020,39703,0,1473,0,,,,,
AFG,Asia,Afghanistan,41128772,13-10-2020,39703,0,1473,0,,,,,
AFG,Asia,Afghanistan,41128772,14-10-2020,39703,0,1473,0,,,,,
AFG,Asia,Afghanistan,41128772,15-10-2020,39703,0,1473,0,,,,,
AFG,Asia,Afghanistan,41128772,16-10-2020,39703,0,1473,0,,,,,
AFG,Asia,Afghanistan,41128772,17-10-2020,39703,0,1473,0,,,,,
AFG,Asia,Afghanistan,41128772,18-10-2020,40141,438,1488,15,,,,,
AFG,Asia,Afghanistan,41128772,19-10-2020,40141,0,1488,0,,,,,
AFG,Asia,Afghanistan,41128772,20-10-2020,40141,0,1488,0,,,,,
AFG,Asia,Afghanistan,41128772,21-10-2020,40141,0,1488,0,,,,,
AFG,Asia,Afghanistan,41128772,22-10-2020,40141,0,1488,0,,,,,
AFG,Asia,Afghanistan,41128772,23-10-2020,40141,0,1488,0,,,,,
AFG,Asia,Afghanistan,41128772,24-10-2020,40141,0,1488,0,,,,,
AFG,Asia,Afghanistan,41128772,25-10-2020,40768,627,1511,23,,,,,
AFG,Asia,Afghanistan,41128772,26-10-2020,40768,0,1511,0,,,,,
AFG,Asia,Afghanistan,41128772,27-10-2020,40768,0,1511,0,,,,,
AFG,Asia,Afghanistan,41128772,28-10-2020,40768,0,1511,0,,,,,
AFG,Asia,Afghanistan,41128772,29-10-2020,40768,0,1511,0,,,,,
AFG,Asia,Afghanistan,41128772,30-10-2020,40768,0,1511,0,,,,,
AFG,Asia,Afghanistan,41128772,31-10-2020,40768,0,1511,0,,,,,
AFG,Asia,Afghanistan,41128772,01-11-2020,41425,657,1536,25,,,,,
AFG,Asia,Afghanistan,41128772,02-11-2020,41425,0,1536,0,,,,,
AFG,Asia,Afghanistan,41128772,03-11-2020,41425,0,1536,0,,,,,
AFG,Asia,Afghanistan,41128772,04-11-2020,41425,0,1536,0,,,,,
AFG,Asia,Afghanistan,41128772,05-11-2020,41425,0,1536,0,,,,,
AFG,Asia,Afghanistan,41128772,06-11-2020,41425,0,1536,0,,,,,
AFG,Asia,Afghanistan,41128772,07-11-2020,41425,0,1536,0,,,,,
AFG,Asia,Afghanistan,41128772,08-11-2020,42033,608,1556,20,,,,,
AFG,Asia,Afghanistan,41128772,09-11-2020,42033,0,1556,0,,,,,
AFG,Asia,Afghanistan,41128772,10-11-2020,42033,0,1556,0,,,,,
AFG,Asia,Afghanistan,41128772,11-11-2020,42033,0,1556,0,,,,,
AFG,Asia,Afghanistan,41128772,12-11-2020,42033,0,1556,0,,,,,
AFG,Asia,Afghanistan,41128772,13-11-2020,42033,0,1556,0,,,,,
AFG,Asia,Afghanistan,41128772,14-11-2020,42033,0,1556,0,,,,,
AFG,Asia,Afghanistan,41128772,15-11-2020,43035,1002,1605,49,,,,,
AFG,Asia,Afghanistan,41128772,16-11-2020,43035,0,1605,0,,,,,
AFG,Asia,Afghanistan,41128772,17-11-2020,43035,0,1605,0,,,,,
AFG,Asia,Afghanistan,41128772,18-11-2020,43035,0,1605,0,,,,,
AFG,Asia,Afghanistan,41128772,19-11-2020,43035,0,1605,0,,,,,
AFG,Asia,Afghanistan,41128772,20-11-2020,43035,0,1605,0,,,,,
AFG,Asia,Afghanistan,41128772,21-11-2020,43035,0,1605,0,,,,,
AFG,Asia,Afghanistan,41128772,22-11-2020,44503,1468,1675,70,,,,,
AFG,Asia,Afghanistan,41128772,23-11-2020,44503,0,1675,0,,,,,
AFG,Asia,Afghanistan,41128772,24-11-2020,44503,0,1675,0,,,,,
AFG,Asia,Afghanistan,41128772,25-11-2020,44503,0,1675,0,,,,,
AFG,Asia,Afghanistan,41128772,26-11-2020,44503,0,1675,0,,,,,
AFG,Asia,Afghanistan,41128772,27-11-2020,44503,0,1675,0,,,,,
AFG,Asia,Afghanistan,41128772,28-11-2020,44503,0,1675,0,,,,,
AFG,Asia,Afghanistan,41128772,29-11-2020,45966,1463,1752,77,,,,,
AFG,Asia,Afghanistan,41128772,30-11-2020,45966,0,1752,0,,,,,
AFG,Asia,Afghanistan,41128772,01-12-2020,45966,0,1752,0,,,,,
AFG,Asia,Afghanistan,41128772,02-12-2020,45966,0,1752,0,,,,,
AFG,Asia,Afghanistan,41128772,03-12-2020,45966,0,1752,0,,,,,
AFG,Asia,Afghanistan,41128772,04-12-2020,45966,0,1752,0,,,,,
AFG,Asia,Afghanistan,41128772,05-12-2020,45966,0,1752,0,,,,,
AFG,Asia,Afghanistan,41128772,06-12-2020,47641,1675,1865,113,,,,,
AFG,Asia,Afghanistan,41128772,07-12-2020,47641,0,1865,0,,,,,
AFG,Asia,Afghanistan,41128772,08-12-2020,47641,0,1865,0,,,,,
AFG,Asia,Afghanistan,41128772,09-12-2020,47641,0,1865,0,,,,,
AFG,Asia,Afghanistan,41128772,10-12-2020,47641,0,1865,0,,,,,
AFG,Asia,Afghanistan,41128772,11-12-2020,47641,0,1865,0,,,,,
AFG,Asia,Afghanistan,41128772,12-12-2020,47641,0,1865,0,,,,,
AFG,Asia,Afghanistan,41128772,13-12-2020,48952,1311,1960,95,,,,,
AFG,Asia,Afghanistan,41128772,14-12-2020,48952,0,1960,0,,,,,
AFG,Asia,Afghanistan,41128772,15-12-2020,48952,0,1960,0,,,,,
AFG,Asia,Afghanistan,41128772,16-12-2020,48952,0,1960,0,,,,,
AFG,Asia,Afghanistan,41128772,17-12-2020,48952,0,1960,0,,,,,
AFG,Asia,Afghanistan,41128772,18-12-2020,48952,0,1960,0,,,,,
AFG,Asia,Afghanistan,41128772,19-12-2020,48952,0,1960,0,,,,,
AFG,Asia,Afghanistan,41128772,20-12-2020,50536,1584,2054,94,,,,,
AFG,Asia,Afghanistan,41128772,21-12-2020,50536,0,2054,0,,,,,
AFG,Asia,Afghanistan,41128772,22-12-2020,50536,0,2054,0,,,,,
AFG,Asia,Afghanistan,41128772,23-12-2020,50536,0,2054,0,,,,,
AFG,Asia,Afghanistan,41128772,24-12-2020,50536,0,2054,0,,,,,
AFG,Asia,Afghanistan,41128772,25-12-2020,50536,0,2054,0,,,,,
AFG,Asia,Afghanistan,41128772,26-12-2020,50536,0,2054,0,,,,,
AFG,Asia,Afghanistan,41128772,27-12-2020,51848,1312,2158,104,,,,,
AFG,Asia,Afghanistan,41128772,28-12-2020,51848,0,2158,0,,,,,
AFG,Asia,Afghanistan,41128772,29-12-2020,51848,0,2158,0,,,,,
AFG,Asia,Afghanistan,41128772,30-12-2020,51848,0,2158,0,,,,,
AFG,Asia,Afghanistan,41128772,31-12-2020,51848,0,2158,0,,,,,
AFG,Asia,Afghanistan,41128772,01-01-2021,51848,0,2158,0,,,,,
AFG,Asia,Afghanistan,41128772,02-01-2021,51848,0,2158,0,,,,,
AFG,Asia,Afghanistan,41128772,03-01-2021,52709,861,2221,63,,,,,
AFG,Asia,Afghanistan,41128772,04-01-2021,52709,0,2221,0,,,,,
AFG,Asia,Afghanistan,41128772,05-01-2021,52709,0,2221,0,,,,,
AFG,Asia,Afghanistan,41128772,06-01-2021,52709,0,2221,0,,,,,
AFG,Asia,Afghanistan,41128772,07-01-2021,52709,0,2221,0,,,,,
AFG,Asia,Afghanistan,41128772,08-01-2021,52709,0,2221,0,,,,,
AFG,Asia,Afghanistan,41128772,09-01-2021,52709,0,2221,0,,,,,
AFG,Asia,Afghanistan,41128772,10-01-2021,53489,780,2277,56,,,,,
AFG,Asia,Afghanistan,41128772,11-01-2021,53489,0,2277,0,,,,,
AFG,Asia,Afghanistan,41128772,12-01-2021,53489,0,2277,0,,,,,
AFG,Asia,Afghanistan,41128772,13-01-2021,53489,0,2277,0,,,,,
AFG,Asia,Afghanistan,41128772,14-01-2021,53489,0,2277,0,,,,,
AFG,Asia,Afghanistan,41128772,15-01-2021,53489,0,2277,0,,,,,
AFG,Asia,Afghanistan,41128772,16-01-2021,53489,0,2277,0,,,,,
AFG,Asia,Afghanistan,41128772,17-01-2021,53984,495,2339,62,,,,,
AFG,Asia,Afghanistan,41128772,18-01-2021,53984,0,2339,0,,,,,
AFG,Asia,Afghanistan,41128772,19-01-2021,53984,0,2339,0,,,,,
AFG,Asia,Afghanistan,41128772,20-01-2021,53984,0,2339,0,,,,,
AFG,Asia,Afghanistan,41128772,21-01-2021,53984,0,2339,0,,,,,
AFG,Asia,Afghanistan,41128772,22-01-2021,53984,0,2339,0,,,,,
AFG,Asia,Afghanistan,41128772,23-01-2021,53984,0,2339,0,,,,,
AFG,Asia,Afghanistan,41128772,24-01-2021,54595,611,2378,39,,,,,
AFG,Asia,Afghanistan,41128772,25-01-2021,54595,0,2378,0,,,,,
AFG,Asia,Afghanistan,41128772,26-01-2021,54595,0,2378,0,,,,,
AFG,Asia,Afghanistan,41128772,27-01-2021,54595,0,2378,0,,,,,
AFG,Asia,Afghanistan,41128772,28-01-2021,54595,0,2378,0,,,,,
AFG,Asia,Afghanistan,41128772,29-01-2021,54595,0,2378,0,,,,,
AFG,Asia,Afghanistan,41128772,30-01-2021,54595,0,2378,0,,,,,
AFG,Asia,Afghanistan,41128772,31-01-2021,55023,428,2400,22,,,,,
AFG,Asia,Afghanistan,41128772,01-02-2021,55023,0,2400,0,,,,,
AFG,Asia,Afghanistan,41128772,02-02-2021,55023,0,2400,0,,,,,
AFG,Asia,Afghanistan,41128772,03-02-2021,55023,0,2400,0,,,,,
AFG,Asia,Afghanistan,41128772,04-02-2021,55023,0,2400,0,,,,,
AFG,Asia,Afghanistan,41128772,05-02-2021,55023,0,2400,0,,,,,
AFG,Asia,Afghanistan,41128772,06-02-2021,55023,0,2400,0,,,,,
AFG,Asia,Afghanistan,41128772,07-02-2021,55335,312,2410,10,,,,,
AFG,Asia,Afghanistan,41128772,08-02-2021,55335,0,2410,0,,,,,
AFG,Asia,Afghanistan,41128772,09-02-2021,55335,0,2410,0,,,,,
AFG,Asia,Afghanistan,41128772,10-02-2021,55335,0,2410,0,,,,,
AFG,Asia,Afghanistan,41128772,11-02-2021,55335,0,2410,0,,,,,
AFG,Asia,Afghanistan,41128772,12-02-2021,55335,0,2410,0,,,,,
AFG,Asia,Afghanistan,41128772,13-02-2021,55335,0,2410,0,,,,,
AFG,Asia,Afghanistan,41128772,14-02-2021,55492,157,2427,17,,,,,
AFG,Asia,Afghanistan,41128772,15-02-2021,55492,0,2427,0,,,,,
AFG,Asia,Afghanistan,41128772,16-02-2021,55492,0,2427,0,,,,,
AFG,Asia,Afghanistan,41128772,17-02-2021,55492,0,2427,0,,,,,
AFG,Asia,Afghanistan,41128772,18-02-2021,55492,0,2427,0,,,,,
AFG,Asia,Afghanistan,41128772,19-02-2021,55492,0,2427,0,,,,,
AFG,Asia,Afghanistan,41128772,20-02-2021,55492,0,2427,0,,,,,
AFG,Asia,Afghanistan,41128772,21-02-2021,55604,112,2432,5,,,,,
AFG,Asia,Afghanistan,41128772,22-02-2021,55604,0,2432,0,,,,,
AFG,Asia,Afghanistan,41128772,23-02-2021,55604,0,2432,0,,,,,
AFG,Asia,Afghanistan,41128772,24-02-2021,55604,0,2432,0,,,,,
AFG,Asia,Afghanistan,41128772,25-02-2021,55604,0,2432,0,,,,,
AFG,Asia,Afghanistan,41128772,26-02-2021,55604,0,2432,0,,,,,
AFG,Asia,Afghanistan,41128772,27-02-2021,55604,0,2432,0,,,,,
AFG,Asia,Afghanistan,41128772,28-02-2021,55714,110,2443,11,,,,,
AFG,Asia,Afghanistan,41128772,01-03-2021,55714,0,2443,0,,,,,
AFG,Asia,Afghanistan,41128772,02-03-2021,55714,0,2443,0,,,,,
AFG,Asia,Afghanistan,41128772,03-03-2021,55714,0,2443,0,,,,,
AFG,Asia,Afghanistan,41128772,04-03-2021,55714,0,2443,0,,,,,
AFG,Asia,Afghanistan,41128772,05-03-2021,55714,0,2443,0,,,,,
AFG,Asia,Afghanistan,41128772,06-03-2021,55714,0,2443,0,,,,,
AFG,Asia,Afghanistan,41128772,07-03-2021,55847,133,2449,6,,,,,
AFG,Asia,Afghanistan,41128772,08-03-2021,55847,0,2449,0,,,,,
AFG,Asia,Afghanistan,41128772,09-03-2021,55847,0,2449,0,,,,,
AFG,Asia,Afghanistan,41128772,10-03-2021,55847,0,2449,0,,,,,
AFG,Asia,Afghanistan,41128772,11-03-2021,55847,0,2449,0,,,,,
AFG,Asia,Afghanistan,41128772,12-03-2021,55847,0,2449,0,,,,,
AFG,Asia,Afghanistan,41128772,13-03-2021,55847,0,2449,0,,,,,
AFG,Asia,Afghanistan,41128772,14-03-2021,55985,138,2457,8,,,,,
AFG,Asia,Afghanistan,41128772,15-03-2021,55985,0,2457,0,,,,,
AFG,Asia,Afghanistan,41128772,16-03-2021,55985,0,2457,0,,,,,
AFG,Asia,Afghanistan,41128772,17-03-2021,55985,0,2457,0,,,,,
AFG,Asia,Afghanistan,41128772,18-03-2021,55985,0,2457,0,,,,,
AFG,Asia,Afghanistan,41128772,19-03-2021,55985,0,2457,0,,,,,
AFG,Asia,Afghanistan,41128772,20-03-2021,55985,0,2457,0,,,,,
AFG,Asia,Afghanistan,41128772,21-03-2021,56103,118,2463,6,,,,,
AFG,Asia,Afghanistan,41128772,22-03-2021,56103,0,2463,0,,,,,
AFG,Asia,Afghanistan,41128772,23-03-2021,56103,0,2463,0,,,,,
AFG,Asia,Afghanistan,41128772,24-03-2021,56103,0,2463,0,,,,,
AFG,Asia,Afghanistan,41128772,25-03-2021,56103,0,2463,0,,,,,
AFG,Asia,Afghanistan,41128772,26-03-2021,56103,0,2463,0,,,,,
AFG,Asia,Afghanistan,41128772,27-03-2021,56103,0,2463,0,,,,,
AFG,Asia,Afghanistan,41128772,28-03-2021,56294,191,2470,7,,,,,
AFG,Asia,Afghanistan,41128772,29-03-2021,56294,0,2470,0,,,,,
AFG,Asia,Afghanistan,41128772,30-03-2021,56294,0,2470,0,,,,,
AFG,Asia,Afghanistan,41128772,31-03-2021,56294,0,2470,0,,,,,
AFG,Asia,Afghanistan,41128772,01-04-2021,56294,0,2470,0,,,,,
AFG,Asia,Afghanistan,41128772,02-04-2021,56294,0,2470,0,,,,,
AFG,Asia,Afghanistan,41128772,03-04-2021,56294,0,2470,0,,,,,
AFG,Asia,Afghanistan,41128772,04-04-2021,56676,382,2497,27,,,,,
AFG,Asia,Afghanistan,41128772,05-04-2021,56676,0,2497,0,,,,,
AFG,Asia,Afghanistan,41128772,06-04-2021,56676,0,2497,0,,,,,
AFG,Asia,Afghanistan,41128772,07-04-2021,56676,0,2497,0,,,,,
AFG,Asia,Afghanistan,41128772,08-04-2021,56676,0,2497,0,,,,,
AFG,Asia,Afghanistan,41128772,09-04-2021,56676,0,2497,0,,,,,
AFG,Asia,Afghanistan,41128772,10-04-2021,56676,0,2497,0,,,,,
AFG,Asia,Afghanistan,41128772,11-04-2021,57160,484,2521,24,,,,,
AFG,Asia,Afghanistan,41128772,12-04-2021,57160,0,2521,0,,,,,
AFG,Asia,Afghanistan,41128772,13-04-2021,57160,0,2521,0,,,,,
AFG,Asia,Afghanistan,41128772,14-04-2021,57160,0,2521,0,,,,,
AFG,Asia,Afghanistan,41128772,15-04-2021,57160,0,2521,0,,,,,
AFG,Asia,Afghanistan,41128772,16-04-2021,57160,0,2521,0,,,,,
AFG,Asia,Afghanistan,41128772,17-04-2021,57160,0,2521,0,,,,,
AFG,Asia,Afghanistan,41128772,18-04-2021,57793,633,2539,18,,,,,
AFG,Asia,Afghanistan,41128772,19-04-2021,57793,0,2539,0,,,,,
AFG,Asia,Afghanistan,41128772,20-04-2021,57793,0,2539,0,,,,,
AFG,Asia,Afghanistan,41128772,21-04-2021,57793,0,2539,0,,,,,
AFG,Asia,Afghanistan,41128772,22-04-2021,57793,0,2539,0,,,,,
AFG,Asia,Afghanistan,41128772,23-04-2021,57793,0,2539,0,,,,,
AFG,Asia,Afghanistan,41128772,24-04-2021,57793,0,2539,0,,,,,
AFG,Asia,Afghanistan,41128772,25-04-2021,58843,1050,2582,43,,,,,
AFG,Asia,Afghanistan,41128772,26-04-2021,58843,0,2582,0,,,,,
AFG,Asia,Afghanistan,41128772,27-04-2021,58843,0,2582,0,,,,,
AFG,Asia,Afghanistan,41128772,28-04-2021,58843,0,2582,0,,,,,
AFG,Asia,Afghanistan,41128772,29-04-2021,58843,0,2582,0,,,,,
AFG,Asia,Afghanistan,41128772,30-04-2021,58843,0,2582,0,,,,,
AFG,Asia,Afghanistan,41128772,01-05-2021,58843,0,2582,0,,,,,
AFG,Asia,Afghanistan,41128772,02-05-2021,60122,1279,2637,55,,,,,
AFG,Asia,Afghanistan,41128772,03-05-2021,60122,0,2637,0,,,,,
AFG,Asia,Afghanistan,41128772,04-05-2021,60122,0,2637,0,,,,,
AFG,Asia,Afghanistan,41128772,05-05-2021,60122,0,2637,0,,,,,
AFG,Asia,Afghanistan,41128772,06-05-2021,60122,0,2637,0,,,,,
AFG,Asia,Afghanistan,41128772,07-05-2021,60122,0,2637,0,,,,,
AFG,Asia,Afghanistan,41128772,08-05-2021,60122,0,2637,0,,,,,
AFG,Asia,Afghanistan,41128772,09-05-2021,61842,1720,2686,49,,,,,
AFG,Asia,Afghanistan,41128772,10-05-2021,61842,0,2686,0,,,,,
AFG,Asia,Afghanistan,41128772,11-05-2021,61842,0,2686,0,,,,,
AFG,Asia,Afghanistan,41128772,12-05-2021,61842,0,2686,0,,,,,
AFG,Asia,Afghanistan,41128772,13-05-2021,61842,0,2686,0,,,,,
AFG,Asia,Afghanistan,41128772,14-05-2021,61842,0,2686,0,,,,,
AFG,Asia,Afghanistan,41128772,15-05-2021,61842,0,2686,0,,,,,
AFG,Asia,Afghanistan,41128772,16-05-2021,63484,1642,2742,56,,,,,
AFG,Asia,Afghanistan,41128772,17-05-2021,63484,0,2742,0,,,,,
AFG,Asia,Afghanistan,41128772,18-05-2021,63484,0,2742,0,,,,,
AFG,Asia,Afghanistan,41128772,19-05-2021,63484,0,2742,0,,,,,
AFG,Asia,Afghanistan,41128772,20-05-2021,63484,0,2742,0,,,,,
AFG,Asia,Afghanistan,41128772,21-05-2021,63484,0,2742,0,,,,,
AFG,Asia,Afghanistan,41128772,22-05-2021,63484,0,2742,0,,,,,
AFG,Asia,Afghanistan,41128772,23-05-2021,65728,2244,2802,60,,,,,
AFG,Asia,Afghanistan,41128772,24-05-2021,65728,0,2802,0,,,,,
AFG,Asia,Afghanistan,41128772,25-05-2021,65728,0,2802,0,,,,,
AFG,Asia,Afghanistan,41128772,26-05-2021,65728,0,2802,0,,,,,
AFG,Asia,Afghanistan,41128772,27-05-2021,65728,0,2802,0,,,,,
AFG,Asia,Afghanistan,41128772,28-05-2021,65728,0,2802,0,,,,,
AFG,Asia,Afghanistan,41128772,29-05-2021,65728,0,2802,0,,,,,
AFG,Asia,Afghanistan,41128772,30-05-2021,70761,5033,2919,117,,,,,
AFG,Asia,Afghanistan,41128772,31-05-2021,70761,0,2919,0,,,,,
AFG,Asia,Afghanistan,41128772,01-06-2021,70761,0,2919,0,,,,,
AFG,Asia,Afghanistan,41128772,02-06-2021,70761,0,2919,0,,,,,
AFG,Asia,Afghanistan,41128772,03-06-2021,70761,0,2919,0,,,,,
AFG,Asia,Afghanistan,41128772,04-06-2021,70761,0,2919,0,,,,,
AFG,Asia,Afghanistan,41128772,05-06-2021,70761,0,2919,0,,,,,
AFG,Asia,Afghanistan,41128772,06-06-2021,79224,8463,3145,226,,,,,
AFG,Asia,Afghanistan,41128772,07-06-2021,79224,0,3145,0,,,,,
AFG,Asia,Afghanistan,41128772,08-06-2021,79224,0,3145,0,,,,,
AFG,Asia,Afghanistan,41128772,09-06-2021,79224,0,3145,0,,,,,
AFG,Asia,Afghanistan,41128772,10-06-2021,79224,0,3145,0,,,,,
AFG,Asia,Afghanistan,41128772,11-06-2021,79224,0,3145,0,,,,,
AFG,Asia,Afghanistan,41128772,12-06-2021,79224,0,3145,0,,,,,
AFG,Asia,Afghanistan,41128772,13-06-2021,89861,10637,3527,382,,,,,
AFG,Asia,Afghanistan,41128772,14-06-2021,89861,0,3527,0,,,,,
AFG,Asia,Afghanistan,41128772,15-06-2021,89861,0,3527,0,,,,,
AFG,Asia,Afghanistan,41128772,16-06-2021,89861,0,3527,0,,,,,
AFG,Asia,Afghanistan,41128772,17-06-2021,89861,0,3527,0,,,,,
AFG,Asia,Afghanistan,41128772,18-06-2021,89861,0,3527,0,,,,,
AFG,Asia,Afghanistan,41128772,19-06-2021,89861,0,3527,0,,,,,
AFG,Asia,Afghanistan,41128772,20-06-2021,101906,12045,4122,595,,,,,
AFG,Asia,Afghanistan,41128772,21-06-2021,101906,0,4122,0,,,,,
AFG,Asia,Afghanistan,41128772,22-06-2021,101906,0,4122,0,,,,,
AFG,Asia,Afghanistan,41128772,23-06-2021,101906,0,4122,0,,,,,
AFG,Asia,Afghanistan,41128772,24-06-2021,101906,0,4122,0,,,,,
AFG,Asia,Afghanistan,41128772,25-06-2021,101906,0,4122,0,,,,,
AFG,Asia,Afghanistan,41128772,26-06-2021,101906,0,4122,0,,,,,
AFG,Asia,Afghanistan,41128772,27-06-2021,114220,12314,4650,528,,,,,
AFG,Asia,Afghanistan,41128772,28-06-2021,114220,0,4650,0,,,,,
AFG,Asia,Afghanistan,41128772,29-06-2021,114220,0,4650,0,,,,,
AFG,Asia,Afghanistan,41128772,30-06-2021,114220,0,4650,0,,,,,
AFG,Asia,Afghanistan,41128772,01-07-2021,114220,0,4650,0,,,,,
AFG,Asia,Afghanistan,41128772,02-07-2021,114220,0,4650,0,,,,,
AFG,Asia,Afghanistan,41128772,03-07-2021,114220,0,4650,0,,,,,
AFG,Asia,Afghanistan,41128772,04-07-2021,124748,10528,5199,549,,,,,
AFG,Asia,Afghanistan,41128772,05-07-2021,124748,0,5199,0,,,,,
AFG,Asia,Afghanistan,41128772,06-07-2021,124748,0,5199,0,,,,,
AFG,Asia,Afghanistan,41128772,07-07-2021,124748,0,5199,0,,,,,
AFG,Asia,Afghanistan,41128772,08-07-2021,124748,0,5199,0,,,,,
AFG,Asia,Afghanistan,41128772,09-07-2021,124748,0,5199,0,,,,,
AFG,Asia,Afghanistan,41128772,10-07-2021,124748,0,5199,0,,,,,
AFG,Asia,Afghanistan,41128772,11-07-2021,133578,8830,5724,525,,,,,
AFG,Asia,Afghanistan,41128772,12-07-2021,133578,0,5724,0,,,,,
AFG,Asia,Afghanistan,41128772,13-07-2021,133578,0,5724,0,,,,,
AFG,Asia,Afghanistan,41128772,14-07-2021,133578,0,5724,0,,,,,
AFG,Asia,Afghanistan,41128772,15-07-2021,133578,0,5724,0,,,,,
AFG,Asia,Afghanistan,41128772,16-07-2021,133578,0,5724,0,,,,,
AFG,Asia,Afghanistan,41128772,17-07-2021,133578,0,5724,0,,,,,
AFG,Asia,Afghanistan,41128772,18-07-2021,140602,7024,6147,423,,,,,
AFG,Asia,Afghanistan,41128772,19-07-2021,140602,0,6147,0,,,,,
AFG,Asia,Afghanistan,41128772,20-07-2021,140602,0,6147,0,,,,,
AFG,Asia,Afghanistan,41128772,21-07-2021,140602,0,6147,0,,,,,
AFG,Asia,Afghanistan,41128772,22-07-2021,140602,0,6147,0,,,,,
AFG,Asia,Afghanistan,41128772,23-07-2021,140602,0,6147,0,,,,,
AFG,Asia,Afghanistan,41128772,24-07-2021,140602,0,6147,0,,,,,
AFG,Asia,Afghanistan,41128772,25-07-2021,143871,3269,6425,278,,,,,
AFG,Asia,Afghanistan,41128772,26-07-2021,143871,0,6425,0,,,,,
AFG,Asia,Afghanistan,41128772,27-07-2021,143871,0,6425,0,,,,,
AFG,Asia,Afghanistan,41128772,28-07-2021,143871,0,6425,0,,,,,
AFG,Asia,Afghanistan,41128772,29-07-2021,143871,0,6425,0,,,,,
AFG,Asia,Afghanistan,41128772,30-07-2021,143871,0,6425,0,,,,,
AFG,Asia,Afghanistan,41128772,31-07-2021,143871,0,6425,0,,,,,
AFG,Asia,Afghanistan,41128772,01-08-2021,147501,3630,6737,312,,,,,
AFG,Asia,Afghanistan,41128772,02-08-2021,147501,0,6737,0,,,,,
AFG,Asia,Afghanistan,41128772,03-08-2021,147501,0,6737,0,,,,,
AFG,Asia,Afghanistan,41128772,04-08-2021,147501,0,6737,0,,,,,
AFG,Asia,Afghanistan,41128772,05-08-2021,147501,0,6737,0,,,,,
AFG,Asia,Afghanistan,41128772,06-08-2021,147501,0,6737,0,,,,,
AFG,Asia,Afghanistan,41128772,07-08-2021,147501,0,6737,0,,,,,
AFG,Asia,Afghanistan,41128772,08-08-2021,150458,2957,6908,171,,,,,
AFG,Asia,Afghanistan,41128772,09-08-2021,150458,0,6908,0,,,,,
AFG,Asia,Afghanistan,41128772,10-08-2021,150458,0,6908,0,,,,,
AFG,Asia,Afghanistan,41128772,11-08-2021,150458,0,6908,0,,,,,
AFG,Asia,Afghanistan,41128772,12-08-2021,150458,0,6908,0,,,,,
AFG,Asia,Afghanistan,41128772,13-08-2021,150458,0,6908,0,,,,,
AFG,Asia,Afghanistan,41128772,14-08-2021,150458,0,6908,0,,,,,
AFG,Asia,Afghanistan,41128772,15-08-2021,152033,1575,7021,113,,,,,
AFG,Asia,Afghanistan,41128772,16-08-2021,152033,0,7021,0,,,,,
AFG,Asia,Afghanistan,41128772,17-08-2021,152033,0,7021,0,,,,,
AFG,Asia,Afghanistan,41128772,18-08-2021,152033,0,7021,0,,,,,
AFG,Asia,Afghanistan,41128772,19-08-2021,152033,0,7021,0,,,,,
AFG,Asia,Afghanistan,41128772,20-08-2021,152033,0,7021,0,,,,,
AFG,Asia,Afghanistan,41128772,21-08-2021,152033,0,7021,0,,,,,
AFG,Asia,Afghanistan,41128772,22-08-2021,152511,478,7070,49,,,,,
AFG,Asia,Afghanistan,41128772,23-08-2021,152511,0,7070,0,,,,,
AFG,Asia,Afghanistan,41128772,24-08-2021,152511,0,7070,0,,,,,
AFG,Asia,Afghanistan,41128772,25-08-2021,152511,0,7070,0,,,,,
AFG,Asia,Afghanistan,41128772,26-08-2021,152511,0,7070,0,,,,,
AFG,Asia,Afghanistan,41128772,27-08-2021,152511,0,7070,0,,,,,
AFG,Asia,Afghanistan,41128772,28-08-2021,152511,0,7070,0,,,,,
AFG,Asia,Afghanistan,41128772,29-08-2021,153033,522,7109,39,,,,,
AFG,Asia,Afghanistan,41128772,30-08-2021,153033,0,7109,0,,,,,
AFG,Asia,Afghanistan,41128772,31-08-2021,153033,0,7109,0,,,,,
AFG,Asia,Afghanistan,41128772,01-09-2021,153033,0,7109,0,,,,,
AFG,Asia,Afghanistan,41128772,02-09-2021,153033,0,7109,0,,,,,
AFG,Asia,Afghanistan,41128772,03-09-2021,153033,0,7109,0,,,,,
AFG,Asia,Afghanistan,41128772,04-09-2021,153033,0,7109,0,,,,,
AFG,Asia,Afghanistan,41128772,05-09-2021,153423,390,7132,23,,,,,
AFG,Asia,Afghanistan,41128772,06-09-2021,153423,0,7132,0,,,,,
AFG,Asia,Afghanistan,41128772,07-09-2021,153423,0,7132,0,,,,,
AFG,Asia,Afghanistan,41128772,08-09-2021,153423,0,7132,0,,,,,
AFG,Asia,Afghanistan,41128772,09-09-2021,153423,0,7132,0,,,,,
AFG,Asia,Afghanistan,41128772,10-09-2021,153423,0,7132,0,,,,,
AFG,Asia,Afghanistan,41128772,11-09-2021,153423,0,7132,0,,,,,
AFG,Asia,Afghanistan,41128772,12-09-2021,153990,567,7167,35,,,,,
AFG,Asia,Afghanistan,41128772,13-09-2021,153990,0,7167,0,,,,,
AFG,Asia,Afghanistan,41128772,14-09-2021,153990,0,7167,0,,,,,
AFG,Asia,Afghanistan,41128772,15-09-2021,153990,0,7167,0,,,,,
AFG,Asia,Afghanistan,41128772,16-09-2021,153990,0,7167,0,,,,,
AFG,Asia,Afghanistan,41128772,17-09-2021,153990,0,7167,0,,,,,
AFG,Asia,Afghanistan,41128772,18-09-2021,153990,0,7167,0,,,,,
AFG,Asia,Afghanistan,41128772,19-09-2021,154539,549,7199,32,,,,,
AFG,Asia,Afghanistan,41128772,20-09-2021,154539,0,7199,0,,,,,
AFG,Asia,Afghanistan,41128772,21-09-2021,154539,0,7199,0,,,,,
AFG,Asia,Afghanistan,41128772,22-09-2021,154539,0,7199,0,,,,,
AFG,Asia,Afghanistan,41128772,23-09-2021,154539,0,7199,0,,,,,
AFG,Asia,Afghanistan,41128772,24-09-2021,154539,0,7199,0,,,,,
AFG,Asia,Afghanistan,41128772,25-09-2021,154539,0,7199,0,,,,,
AFG,Asia,Afghanistan,41128772,26-09-2021,154899,360,7199,0,,,,,
AFG,Asia,Afghanistan,41128772,27-09-2021,154899,0,7199,0,,,,,
AFG,Asia,Afghanistan,41128772,28-09-2021,154899,0,7199,0,,,,,
AFG,Asia,Afghanistan,41128772,29-09-2021,154899,0,7199,0,,,,,
AFG,Asia,Afghanistan,41128772,30-09-2021,154899,0,7199,0,,,,,
AFG,Asia,Afghanistan,41128772,01-10-2021,154899,0,7199,0,,,,,
AFG,Asia,Afghanistan,41128772,02-10-2021,154899,0,7199,0,,,,,
AFG,Asia,Afghanistan,41128772,03-10-2021,155141,242,7212,13,,,,,
AFG,Asia,Afghanistan,41128772,04-10-2021,155141,0,7212,0,,,,,
AFG,Asia,Afghanistan,41128772,05-10-2021,155141,0,7212,0,,,,,
AFG,Asia,Afghanistan,41128772,06-10-2021,155141,0,7212,0,,,,,
AFG,Asia,Afghanistan,41128772,07-10-2021,155141,0,7212,0,,,,,
AFG,Asia,Afghanistan,41128772,08-10-2021,155141,0,7212,0,,,,,
AFG,Asia,Afghanistan,41128772,09-10-2021,155141,0,7212,0,,,,,
AFG,Asia,Afghanistan,41128772,10-10-2021,155344,203,7221,9,,,,,
AFG,Asia,Afghanistan,41128772,11-10-2021,155344,0,7221,0,,,,,
AFG,Asia,Afghanistan,41128772,12-10-2021,155344,0,7221,0,,,,,
AFG,Asia,Afghanistan,41128772,13-10-2021,155344,0,7221,0,,,,,
AFG,Asia,Afghanistan,41128772,14-10-2021,155344,0,7221,0,,,,,
AFG,Asia,Afghanistan,41128772,15-10-2021,155344,0,7221,0,,,,,
AFG,Asia,Afghanistan,41128772,16-10-2021,155344,0,7221,0,,,,,
AFG,Asia,Afghanistan,41128772,17-10-2021,155617,273,7238,17,,,,,
AFG,Asia,Afghanistan,41128772,18-10-2021,155617,0,7238,0,,,,,
AFG,Asia,Afghanistan,41128772,19-10-2021,155617,0,7238,0,,,,,
AFG,Asia,Afghanistan,41128772,20-10-2021,155617,0,7238,0,,,,,
AFG,Asia,Afghanistan,41128772,21-10-2021,155617,0,7238,0,,,,,
AFG,Asia,Afghanistan,41128772,22-10-2021,155617,0,7238,0,,,,,
AFG,Asia,Afghanistan,41128772,23-10-2021,155617,0,7238,0,,,,,
AFG,Asia,Afghanistan,41128772,24-10-2021,155818,201,7253,15,,,,,
AFG,Asia,Afghanistan,41128772,25-10-2021,155818,0,7253,0,,,,,
AFG,Asia,Afghanistan,41128772,26-10-2021,155818,0,7253,0,,,,,
AFG,Asia,Afghanistan,41128772,27-10-2021,155818,0,7253,0,,,,,
AFG,Asia,Afghanistan,41128772,28-10-2021,155818,0,7253,0,,,,,
AFG,Asia,Afghanistan,41128772,29-10-2021,155818,0,7253,0,,,,,
AFG,Asia,Afghanistan,41128772,30-10-2021,155818,0,7253,0,,,,,
AFG,Asia,Afghanistan,41128772,31-10-2021,156088,270,7272,19,,,,,
AFG,Asia,Afghanistan,41128772,01-11-2021,156088,0,7272,0,,,,,
AFG,Asia,Afghanistan,41128772,02-11-2021,156088,0,7272,0,,,,,
AFG,Asia,Afghanistan,41128772,03-11-2021,156088,0,7272,0,,,,,
AFG,Asia,Afghanistan,41128772,04-11-2021,156088,0,7272,0,,,,,
AFG,Asia,Afghanistan,41128772,05-11-2021,156088,0,7272,0,,,,,
AFG,Asia,Afghanistan,41128772,06-11-2021,156088,0,7272,0,,,,,
AFG,Asia,Afghanistan,41128772,07-11-2021,156275,187,7284,12,,,,,
AFG,Asia,Afghanistan,41128772,08-11-2021,156275,0,7284,0,,,,,
AFG,Asia,Afghanistan,41128772,09-11-2021,156275,0,7284,0,,,,,
AFG,Asia,Afghanistan,41128772,10-11-2021,156275,0,7284,0,,,,,
AFG,Asia,Afghanistan,41128772,11-11-2021,156275,0,7284,0,,,,,
AFG,Asia,Afghanistan,41128772,12-11-2021,156275,0,7284,0,,,,,
AFG,Asia,Afghanistan,41128772,13-11-2021,156275,0,7284,0,,,,,
AFG,Asia,Afghanistan,41128772,14-11-2021,156512,237,7292,8,,,,,
AFG,Asia,Afghanistan,41128772,15-11-2021,156512,0,7292,0,,,,,
AFG,Asia,Afghanistan,41128772,16-11-2021,156512,0,7292,0,,,,,
AFG,Asia,Afghanistan,41128772,17-11-2021,156512,0,7292,0,,,,,
AFG,Asia,Afghanistan,41128772,18-11-2021,156512,0,7292,0,,,,,
AFG,Asia,Afghanistan,41128772,19-11-2021,156512,0,7292,0,,,,,
AFG,Asia,Afghanistan,41128772,20-11-2021,156512,0,7292,0,,,,,
AFG,Asia,Afghanistan,41128772,21-11-2021,156864,352,7301,9,,,,,
AFG,Asia,Afghanistan,41128772,22-11-2021,156864,0,7301,0,,,,,
AFG,Asia,Afghanistan,41128772,23-11-2021,156864,0,7301,0,,,,,
AFG,Asia,Afghanistan,41128772,24-11-2021,156864,0,7301,0,,,,,
AFG,Asia,Afghanistan,41128772,25-11-2021,156864,0,7301,0,,,,,
AFG,Asia,Afghanistan,41128772,26-11-2021,156864,0,7301,0,,,,,
AFG,Asia,Afghanistan,41128772,27-11-2021,156864,0,7301,0,,,,,
AFG,Asia,Afghanistan,41128772,28-11-2021,157190,326,7308,7,,,,,
AFG,Asia,Afghanistan,41128772,29-11-2021,157190,0,7308,0,,,,,
AFG,Asia,Afghanistan,41128772,30-11-2021,157190,0,7308,0,,,,,
AFG,Asia,Afghanistan,41128772,01-12-2021,157190,0,7308,0,,,,,
AFG,Asia,Afghanistan,41128772,02-12-2021,157190,0,7308,0,,,,,
AFG,Asia,Afghanistan,41128772,03-12-2021,157190,0,7308,0,,,,,
AFG,Asia,Afghanistan,41128772,04-12-2021,157190,0,7308,0,,,,,
AFG,Asia,Afghanistan,41128772,05-12-2021,157431,241,7312,4,,,,,
AFG,Asia,Afghanistan,41128772,06-12-2021,157431,0,7312,0,,,,,
AFG,Asia,Afghanistan,41128772,07-12-2021,157431,0,7312,0,,,,,
AFG,Asia,Afghanistan,41128772,08-12-2021,157431,0,7312,0,,,,,
AFG,Asia,Afghanistan,41128772,09-12-2021,157431,0,7312,0,,,,,
AFG,Asia,Afghanistan,41128772,10-12-2021,157431,0,7312,0,,,,,
AFG,Asia,Afghanistan,41128772,11-12-2021,157431,0,7312,0,,,,,
AFG,Asia,Afghanistan,41128772,12-12-2021,157611,180,7325,13,,,,,
AFG,Asia,Afghanistan,41128772,13-12-2021,157611,0,7325,0,,,,,
AFG,Asia,Afghanistan,41128772,14-12-2021,157611,0,7325,0,,,,,
AFG,Asia,Afghanistan,41128772,15-12-2021,157611,0,7325,0,,,,,
AFG,Asia,Afghanistan,41128772,16-12-2021,157611,0,7325,0,,,,,
AFG,Asia,Afghanistan,41128772,17-12-2021,157611,0,7325,0,,,,,
AFG,Asia,Afghanistan,41128772,18-12-2021,157611,0,7325,0,,,,,
AFG,Asia,Afghanistan,41128772,19-12-2021,157745,134,7333,8,,,,,
AFG,Asia,Afghanistan,41128772,20-12-2021,157745,0,7333,0,,,,,
AFG,Asia,Afghanistan,41128772,21-12-2021,157745,0,7333,0,,,,,
AFG,Asia,Afghanistan,41128772,22-12-2021,157745,0,7333,0,,,,,
AFG,Asia,Afghanistan,41128772,23-12-2021,157745,0,7333,0,,,,,
AFG,Asia,Afghanistan,41128772,24-12-2021,157745,0,7333,0,,,,,
AFG,Asia,Afghanistan,41128772,25-12-2021,157745,0,7333,0,,,,,
AFG,Asia,Afghanistan,41128772,26-12-2021,157902,157,7352,19,,,,,
AFG,Asia,Afghanistan,41128772,27-12-2021,157902,0,7352,0,,,,,
AFG,Asia,Afghanistan,41128772,28-12-2021,157902,0,7352,0,,,,,
AFG,Asia,Afghanistan,41128772,29-12-2021,157902,0,7352,0,,,,,
AFG,Asia,Afghanistan,41128772,30-12-2021,157902,0,7352,0,,,,,
AFG,Asia,Afghanistan,41128772,31-12-2021,157902,0,7352,0,,,,,
AFG,Asia,Afghanistan,41128772,01-01-2022,157902,0,7352,0,,,,,
AFG,Asia,Afghanistan,41128772,02-01-2022,158112,210,7356,4,,,,,
AFG,Asia,Afghanistan,41128772,03-01-2022,158112,0,7356,0,,,,,
AFG,Asia,Afghanistan,41128772,04-01-2022,158112,0,7356,0,,,,,
AFG,Asia,Afghanistan,41128772,05-01-2022,158112,0,7356,0,,,,,
AFG,Asia,Afghanistan,41128772,06-01-2022,158112,0,7356,0,,,,,
AFG,Asia,Afghanistan,41128772,07-01-2022,158112,0,7356,0,,,,,
AFG,Asia,Afghanistan,41128772,08-01-2022,158112,0,7356,0,,,,,
AFG,Asia,Afghanistan,41128772,09-01-2022,158345,233,7369,13,,,,,
AFG,Asia,Afghanistan,41128772,10-01-2022,158345,0,7369,0,,,,,
AFG,Asia,Afghanistan,41128772,11-01-2022,158345,0,7369,0,,,,,
AFG,Asia,Afghanistan,41128772,12-01-2022,158345,0,7369,0,,,,,
AFG,Asia,Afghanistan,41128772,13-01-2022,158345,0,7369,0,,,,,
AFG,Asia,Afghanistan,41128772,14-01-2022,158345,0,7369,0,,,,,
AFG,Asia,Afghanistan,41128772,15-01-2022,158345,0,7369,0,,,,,
AFG,Asia,Afghanistan,41128772,16-01-2022,158678,333,7378,9,,,,,
AFG,Asia,Afghanistan,41128772,17-01-2022,158678,0,7378,0,,,,,
AFG,Asia,Afghanistan,41128772,18-01-2022,158678,0,7378,0,,,,,
AFG,Asia,Afghanistan,41128772,19-01-2022,158678,0,7378,0,,,,,
AFG,Asia,Afghanistan,41128772,20-01-2022,158678,0,7378,0,,,,,
AFG,Asia,Afghanistan,41128772,21-01-2022,158678,0,7378,0,,,,,
AFG,Asia,Afghanistan,41128772,22-01-2022,158678,0,7378,0,,,,,
AFG,Asia,Afghanistan,41128772,23-01-2022,159548,870,7390,12,,,,,
AFG,Asia,Afghanistan,41128772,24-01-2022,159548,0,7390,0,,,,,
AFG,Asia,Afghanistan,41128772,25-01-2022,159548,0,7390,0,,,,,
AFG,Asia,Afghanistan,41128772,26-01-2022,159548,0,7390,0,,,,,
AFG,Asia,Afghanistan,41128772,27-01-2022,159548,0,7390,0,,,,,
AFG,Asia,Afghanistan,41128772,28-01-2022,159548,0,7390,0,,,,,
AFG,Asia,Afghanistan,41128772,29-01-2022,159548,0,7390,0,,,853003,,
AFG,Asia,Afghanistan,41128772,30-01-2022,161666,2118,7407,17,,,,,
AFG,Asia,Afghanistan,41128772,31-01-2022,161666,0,7407,0,,,,,
AFG,Asia,Afghanistan,41128772,01-02-2022,161666,0,7407,0,,,,,
AFG,Asia,Afghanistan,41128772,02-02-2022,161666,0,7407,0,,,,,
AFG,Asia,Afghanistan,41128772,03-02-2022,161666,0,7407,0,,,,,
AFG,Asia,Afghanistan,41128772,04-02-2022,161666,0,7407,0,,,,,
AFG,Asia,Afghanistan,41128772,05-02-2022,161666,0,7407,0,,,,,0
AFG,Asia,Afghanistan,41128772,06-02-2022,165712,4046,7425,18,,,,,0
AFG,Asia,Afghanistan,41128772,07-02-2022,165712,0,7425,0,,,,,0
AFG,Asia,Afghanistan,41128772,08-02-2022,165712,0,7425,0,,,,,0
AFG,Asia,Afghanistan,41128772,09-02-2022,165712,0,7425,0,,,,,0
AFG,Asia,Afghanistan,41128772,10-02-2022,165712,0,7425,0,,,,,1
AFG,Asia,Afghanistan,41128772,11-02-2022,165712,0,7425,0,,,,,1
AFG,Asia,Afghanistan,41128772,12-02-2022,165712,0,7425,0,,,,,0
AFG,Asia,Afghanistan,41128772,13-02-2022,170152,4440,7488,63,,,,,0
AFG,Asia,Afghanistan,41128772,14-02-2022,170152,0,7488,0,,,,,0
AFG,Asia,Afghanistan,41128772,15-02-2022,170152,0,7488,0,,,,,0
AFG,Asia,Afghanistan,41128772,16-02-2022,170152,0,7488,0,,,,,0
AFG,Asia,Afghanistan,41128772,17-02-2022,170152,0,7488,0,,,,,0
AFG,Asia,Afghanistan,41128772,18-02-2022,170152,0,7488,0,,,,,0
AFG,Asia,Afghanistan,41128772,19-02-2022,170152,0,7488,0,,,,,0
AFG,Asia,Afghanistan,41128772,20-02-2022,171930,1778,7534,46,,,,,0
AFG,Asia,Afghanistan,41128772,21-02-2022,171930,0,7534,0,,,,,0
AFG,Asia,Afghanistan,41128772,22-02-2022,171930,0,7534,0,,,,,0
AFG,Asia,Afghanistan,41128772,23-02-2022,171930,0,7534,0,,,,,0
AFG,Asia,Afghanistan,41128772,24-02-2022,171930,0,7534,0,,,,,0
AFG,Asia,Afghanistan,41128772,25-02-2022,171930,0,7534,0,,,,,0
AFG,Asia,Afghanistan,41128772,26-02-2022,171930,0,7534,0,,,889430,,0
AFG,Asia,Afghanistan,41128772,27-02-2022,173180,1250,7588,54,,,,,0
AFG,Asia,Afghanistan,41128772,28-02-2022,173180,0,7588,0,,,,,0
AFG,Asia,Afghanistan,41128772,01-03-2022,173180,0,7588,0,,,,,0
AFG,Asia,Afghanistan,41128772,02-03-2022,173180,0,7588,0,,,,,0
AFG,Asia,Afghanistan,41128772,03-03-2022,173180,0,7588,0,,,,,0
AFG,Asia,Afghanistan,41128772,04-03-2022,173180,0,7588,0,,,,,0
AFG,Asia,Afghanistan,41128772,05-03-2022,173180,0,7588,0,,,,,0
AFG,Asia,Afghanistan,41128772,06-03-2022,174347,1167,7622,34,,,,,0
AFG,Asia,Afghanistan,41128772,07-03-2022,174347,0,7622,0,,,,,0
AFG,Asia,Afghanistan,41128772,08-03-2022,174347,0,7622,0,,,,,0
AFG,Asia,Afghanistan,41128772,09-03-2022,174347,0,7622,0,,,,,0
AFG,Asia,Afghanistan,41128772,10-03-2022,174347,0,7622,0,,,,,0
AFG,Asia,Afghanistan,41128772,11-03-2022,174347,0,7622,0,,,,,0
AFG,Asia,Afghanistan,41128772,12-03-2022,174347,0,7622,0,,,904055,,0
AFG,Asia,Afghanistan,41128772,13-03-2022,176062,1715,7642,20,,,,,0
AFG,Asia,Afghanistan,41128772,14-03-2022,176062,0,7642,0,,,,,0
AFG,Asia,Afghanistan,41128772,15-03-2022,176062,0,7642,0,,,,,0
AFG,Asia,Afghanistan,41128772,16-03-2022,176062,0,7642,0,,,,,0
AFG,Asia,Afghanistan,41128772,17-03-2022,176062,0,7642,0,,,,,0
AFG,Asia,Afghanistan,41128772,18-03-2022,176062,0,7642,0,,,,,0
AFG,Asia,Afghanistan,41128772,19-03-2022,176062,0,7642,0,,,,,0
AFG,Asia,Afghanistan,41128772,20-03-2022,177039,977,7652,10,,,,,0
AFG,Asia,Afghanistan,41128772,21-03-2022,177039,0,7652,0,,,,,0
AFG,Asia,Afghanistan,41128772,22-03-2022,177039,0,7652,0,,,,,0
AFG,Asia,Afghanistan,41128772,23-03-2022,177039,0,7652,0,,,,,0
AFG,Asia,Afghanistan,41128772,24-03-2022,177039,0,7652,0,,,,,0
AFG,Asia,Afghanistan,41128772,25-03-2022,177039,0,7652,0,,,,,0
AFG,Asia,Afghanistan,41128772,26-03-2022,177039,0,7652,0,,,,,0
AFG,Asia,Afghanistan,41128772,27-03-2022,177474,435,7660,8,,,,,0
AFG,Asia,Afghanistan,41128772,28-03-2022,177474,0,7660,0,,,,,0
AFG,Asia,Afghanistan,41128772,29-03-2022,177474,0,7660,0,,,,,0
AFG,Asia,Afghanistan,41128772,30-03-2022,177474,0,7660,0,,,,,0
AFG,Asia,Afghanistan,41128772,31-03-2022,177474,0,7660,0,,,,,0
AFG,Asia,Afghanistan,41128772,01-04-2022,177474,0,7660,0,,,,,0
AFG,Asia,Afghanistan,41128772,02-04-2022,177474,0,7660,0,,,,,0
AFG,Asia,Afghanistan,41128772,03-04-2022,177805,331,7671,11,,,,,0
AFG,Asia,Afghanistan,41128772,04-04-2022,177805,0,7671,0,,,,,0
AFG,Asia,Afghanistan,41128772,05-04-2022,177805,0,7671,0,,,,,0
AFG,Asia,Afghanistan,41128772,06-04-2022,177805,0,7671,0,,,,,0
AFG,Asia,Afghanistan,41128772,07-04-2022,177805,0,7671,0,,,,,0
AFG,Asia,Afghanistan,41128772,08-04-2022,177805,0,7671,0,,,,,0
AFG,Asia,Afghanistan,41128772,09-04-2022,177805,0,7671,0,,,,,0
AFG,Asia,Afghanistan,41128772,10-04-2022,178090,285,7675,4,,,,,0
AFG,Asia,Afghanistan,41128772,11-04-2022,178090,0,7675,0,,,,,0
AFG,Asia,Afghanistan,41128772,12-04-2022,178090,0,7675,0,,,,,0
AFG,Asia,Afghanistan,41128772,13-04-2022,178090,0,7675,0,,,,,0
AFG,Asia,Afghanistan,41128772,14-04-2022,178090,0,7675,0,,,,,0
AFG,Asia,Afghanistan,41128772,15-04-2022,178090,0,7675,0,,,,,0
AFG,Asia,Afghanistan,41128772,16-04-2022,178090,0,7675,0,,,,,0
AFG,Asia,Afghanistan,41128772,17-04-2022,178387,297,7676,1,,,,,0
AFG,Asia,Afghanistan,41128772,18-04-2022,178387,0,7676,0,,,,,0
AFG,Asia,Afghanistan,41128772,19-04-2022,178387,0,7676,0,,,,,0
AFG,Asia,Afghanistan,41128772,20-04-2022,178387,0,7676,0,,,,,0
AFG,Asia,Afghanistan,41128772,21-04-2022,178387,0,7676,0,,,,,0
AFG,Asia,Afghanistan,41128772,22-04-2022,178387,0,7676,0,,,,,0
AFG,Asia,Afghanistan,41128772,23-04-2022,178387,0,7676,0,,,,,0
AFG,Asia,Afghanistan,41128772,24-04-2022,178648,261,7681,5,,,,,0
AFG,Asia,Afghanistan,41128772,25-04-2022,178648,0,7681,0,,,,,0
AFG,Asia,Afghanistan,41128772,26-04-2022,178648,0,7681,0,,,,,0
AFG,Asia,Afghanistan,41128772,27-04-2022,178648,0,7681,0,,,,,0
AFG,Asia,Afghanistan,41128772,28-04-2022,178648,0,7681,0,,,,,0
AFG,Asia,Afghanistan,41128772,29-04-2022,178648,0,7681,0,,,,,0
AFG,Asia,Afghanistan,41128772,30-04-2022,178648,0,7681,0,,,,,0
AFG,Asia,Afghanistan,41128772,01-05-2022,178879,231,7683,2,,,,,0
AFG,Asia,Afghanistan,41128772,02-05-2022,178879,0,7683,0,,,,,0
AFG,Asia,Afghanistan,41128772,03-05-2022,178879,0,7683,0,,,,,0
AFG,Asia,Afghanistan,41128772,04-05-2022,178879,0,7683,0,,,,,0
AFG,Asia,Afghanistan,41128772,05-05-2022,178879,0,7683,0,,,,,0
AFG,Asia,Afghanistan,41128772,06-05-2022,178879,0,7683,0,,,,,0
AFG,Asia,Afghanistan,41128772,07-05-2022,178879,0,7683,0,,,,,0
AFG,Asia,Afghanistan,41128772,08-05-2022,178923,44,7684,1,,,,,0
AFG,Asia,Afghanistan,41128772,09-05-2022,178923,0,7684,0,,,,,0
AFG,Asia,Afghanistan,41128772,10-05-2022,178923,0,7684,0,,,,,0
AFG,Asia,Afghanistan,41128772,11-05-2022,178923,0,7684,0,,,,,0
AFG,Asia,Afghanistan,41128772,12-05-2022,178923,0,7684,0,,,,,0
AFG,Asia,Afghanistan,41128772,13-05-2022,178923,0,7684,0,,,,,0
AFG,Asia,Afghanistan,41128772,14-05-2022,178923,0,7684,0,,,,,0
AFG,Asia,Afghanistan,41128772,15-05-2022,179243,320,7690,6,,,,,0
AFG,Asia,Afghanistan,41128772,16-05-2022,179243,0,7690,0,,,,,0
AFG,Asia,Afghanistan,41128772,17-05-2022,179243,0,7690,0,,,,,0
AFG,Asia,Afghanistan,41128772,18-05-2022,179243,0,7690,0,,,,,0
AFG,Asia,Afghanistan,41128772,19-05-2022,179243,0,7690,0,,,,,0
AFG,Asia,Afghanistan,41128772,20-05-2022,179243,0,7690,0,,,,,0
AFG,Asia,Afghanistan,41128772,21-05-2022,179243,0,7690,0,,,,,0
AFG,Asia,Afghanistan,41128772,22-05-2022,179674,431,7697,7,,,,,0
AFG,Asia,Afghanistan,41128772,23-05-2022,179674,0,7697,0,,,,,0
AFG,Asia,Afghanistan,41128772,24-05-2022,179674,0,7697,0,,,981844,,0
AFG,Asia,Afghanistan,41128772,25-05-2022,179674,0,7697,0,,,,,0
AFG,Asia,Afghanistan,41128772,26-05-2022,179674,0,7697,0,,,,,0
AFG,Asia,Afghanistan,41128772,27-05-2022,179674,0,7697,0,,,,,0
AFG,Asia,Afghanistan,41128772,28-05-2022,179674,0,7697,0,,,,,0
AFG,Asia,Afghanistan,41128772,29-05-2022,180123,449,7701,4,,,,,0
AFG,Asia,Afghanistan,41128772,30-05-2022,180123,0,7701,0,,,,,0
AFG,Asia,Afghanistan,41128772,31-05-2022,180123,0,7701,0,,,,,0
AFG,Asia,Afghanistan,41128772,01-06-2022,180123,0,7701,0,,,,,0
AFG,Asia,Afghanistan,41128772,02-06-2022,180123,0,7701,0,,,,,0
AFG,Asia,Afghanistan,41128772,03-06-2022,180123,0,7701,0,,,,,0
AFG,Asia,Afghanistan,41128772,04-06-2022,180123,0,7701,0,,,,,0
AFG,Asia,Afghanistan,41128772,05-06-2022,180618,495,7709,8,,,,,0
AFG,Asia,Afghanistan,41128772,06-06-2022,180618,0,7709,0,,,,,0
AFG,Asia,Afghanistan,41128772,07-06-2022,180618,0,7709,0,,,,,0
AFG,Asia,Afghanistan,41128772,08-06-2022,180618,0,7709,0,,,,,0
AFG,Asia,Afghanistan,41128772,09-06-2022,180618,0,7709,0,,,,,0
AFG,Asia,Afghanistan,41128772,10-06-2022,180618,0,7709,0,,,,,0
AFG,Asia,Afghanistan,41128772,11-06-2022,180618,0,7709,0,,,,,0
AFG,Asia,Afghanistan,41128772,12-06-2022,181033,415,7709,0,,,,,0
AFG,Asia,Afghanistan,41128772,13-06-2022,181033,0,7709,0,,,,,0
AFG,Asia,Afghanistan,41128772,14-06-2022,181033,0,7709,0,,,,,0
AFG,Asia,Afghanistan,41128772,15-06-2022,181033,0,7709,0,,,,,0
AFG,Asia,Afghanistan,41128772,16-06-2022,181033,0,7709,0,,,,,0
AFG,Asia,Afghanistan,41128772,17-06-2022,181033,0,7709,0,,,,,0
AFG,Asia,Afghanistan,41128772,18-06-2022,181033,0,7709,0,,,,,0
AFG,Asia,Afghanistan,41128772,19-06-2022,181574,541,7713,4,,,,,0
AFG,Asia,Afghanistan,41128772,20-06-2022,181574,0,7713,0,,,,,0
AFG,Asia,Afghanistan,41128772,21-06-2022,181574,0,7713,0,,,,,0
AFG,Asia,Afghanistan,41128772,22-06-2022,181574,0,7713,0,,,,,0
AFG,Asia,Afghanistan,41128772,23-06-2022,181574,0,7713,0,,,994894,,0
AFG,Asia,Afghanistan,41128772,24-06-2022,181574,0,7713,0,,,,,
AFG,Asia,Afghanistan,41128772,25-06-2022,181574,0,7713,0,,,,,
AFG,Asia,Afghanistan,41128772,26-06-2022,182072,498,7717,4,,,,,
AFG,Asia,Afghanistan,41128772,27-06-2022,182072,0,7717,0,,,,,
AFG,Asia,Afghanistan,41128772,28-06-2022,182072,0,7717,0,,,,,
AFG,Asia,Afghanistan,41128772,29-06-2022,182072,0,7717,0,,,,,
AFG,Asia,Afghanistan,41128772,30-06-2022,182072,0,7717,0,,,,,
AFG,Asia,Afghanistan,41128772,01-07-2022,182072,0,7717,0,,,,,
AFG,Asia,Afghanistan,41128772,02-07-2022,182072,0,7717,0,,,,,
AFG,Asia,Afghanistan,41128772,03-07-2022,182643,571,7724,7,,,,,
AFG,Asia,Afghanistan,41128772,04-07-2022,182643,0,7724,0,,,,,
AFG,Asia,Afghanistan,41128772,05-07-2022,182643,0,7724,0,,,,,
AFG,Asia,Afghanistan,41128772,06-07-2022,182643,0,7724,0,,,,,
AFG,Asia,Afghanistan,41128772,07-07-2022,182643,0,7724,0,,,,,
AFG,Asia,Afghanistan,41128772,08-07-2022,182643,0,7724,0,,,,,
AFG,Asia,Afghanistan,41128772,09-07-2022,182643,0,7724,0,,,,,
AFG,Asia,Afghanistan,41128772,10-07-2022,183219,576,7727,3,,,,,
AFG,Asia,Afghanistan,41128772,11-07-2022,183219,0,7727,0,,,,,
AFG,Asia,Afghanistan,41128772,12-07-2022,183219,0,7727,0,,,,,
AFG,Asia,Afghanistan,41128772,13-07-2022,183219,0,7727,0,,,,,
AFG,Asia,Afghanistan,41128772,14-07-2022,183219,0,7727,0,,,,,
AFG,Asia,Afghanistan,41128772,15-07-2022,183219,0,7727,0,,,,,
AFG,Asia,Afghanistan,41128772,16-07-2022,183219,0,7727,0,,,,,
AFG,Asia,Afghanistan,41128772,17-07-2022,183450,231,7730,3,,,,,
AFG,Asia,Afghanistan,41128772,18-07-2022,183450,0,7730,0,,,,,
AFG,Asia,Afghanistan,41128772,19-07-2022,183450,0,7730,0,,,,,
AFG,Asia,Afghanistan,41128772,20-07-2022,183450,0,7730,0,,,,,
AFG,Asia,Afghanistan,41128772,21-07-2022,183450,0,7730,0,,,,,
AFG,Asia,Afghanistan,41128772,22-07-2022,183450,0,7730,0,,,,,
AFG,Asia,Afghanistan,41128772,23-07-2022,183450,0,7730,0,,,,,
AFG,Asia,Afghanistan,41128772,24-07-2022,184474,1024,7738,8,,,,,
AFG,Asia,Afghanistan,41128772,25-07-2022,184474,0,7738,0,,,,,
AFG,Asia,Afghanistan,41128772,26-07-2022,184474,0,7738,0,,,,,
AFG,Asia,Afghanistan,41128772,27-07-2022,184474,0,7738,0,,,,,
AFG,Asia,Afghanistan,41128772,28-07-2022,184474,0,7738,0,,,,,
AFG,Asia,Afghanistan,41128772,29-07-2022,184474,0,7738,0,,,,,
AFG,Asia,Afghanistan,41128772,30-07-2022,184474,0,7738,0,,,,,
AFG,Asia,Afghanistan,41128772,31-07-2022,185580,1106,7747,9,,,,,
AFG,Asia,Afghanistan,41128772,01-08-2022,185580,0,7747,0,,,,,
AFG,Asia,Afghanistan,41128772,02-08-2022,185580,0,7747,0,,,,,
AFG,Asia,Afghanistan,41128772,03-08-2022,185580,0,7747,0,,,,,
AFG,Asia,Afghanistan,41128772,04-08-2022,185580,0,7747,0,,,,,
AFG,Asia,Afghanistan,41128772,05-08-2022,185580,0,7747,0,,,,,
AFG,Asia,Afghanistan,41128772,06-08-2022,185580,0,7747,0,,,,,
AFG,Asia,Afghanistan,41128772,07-08-2022,187046,1466,7752,5,,,,,
AFG,Asia,Afghanistan,41128772,08-08-2022,187046,0,7752,0,,,,,
AFG,Asia,Afghanistan,41128772,09-08-2022,187046,0,7752,0,,,,,
AFG,Asia,Afghanistan,41128772,10-08-2022,187046,0,7752,0,,,,,
AFG,Asia,Afghanistan,41128772,11-08-2022,187046,0,7752,0,,,,,
AFG,Asia,Afghanistan,41128772,12-08-2022,187046,0,7752,0,,,,,
AFG,Asia,Afghanistan,41128772,13-08-2022,187046,0,7752,0,,,,,
AFG,Asia,Afghanistan,41128772,14-08-2022,188831,1785,7758,6,,,,,
AFG,Asia,Afghanistan,41128772,15-08-2022,188831,0,7758,0,,,,,
AFG,Asia,Afghanistan,41128772,16-08-2022,188831,0,7758,0,,,,,
AFG,Asia,Afghanistan,41128772,17-08-2022,188831,0,7758,0,,,,,
AFG,Asia,Afghanistan,41128772,18-08-2022,188831,0,7758,0,,,,,
AFG,Asia,Afghanistan,41128772,19-08-2022,188831,0,7758,0,,,,,
AFG,Asia,Afghanistan,41128772,20-08-2022,188831,0,7758,0,,,,,
AFG,Asia,Afghanistan,41128772,21-08-2022,190435,1604,7759,1,,,,,
AFG,Asia,Afghanistan,41128772,22-08-2022,190435,0,7759,0,,,,,
AFG,Asia,Afghanistan,41128772,23-08-2022,190435,0,7759,0,,,,,
AFG,Asia,Afghanistan,41128772,24-08-2022,190435,0,7759,0,,,,,
AFG,Asia,Afghanistan,41128772,25-08-2022,190435,0,7759,0,,,,,
AFG,Asia,Afghanistan,41128772,26-08-2022,190435,0,7759,0,,,,,
AFG,Asia,Afghanistan,41128772,27-08-2022,190435,0,7759,0,,,,,
AFG,Asia,Afghanistan,41128772,28-08-2022,192208,1773,7774,15,,,,,
AFG,Asia,Afghanistan,41128772,29-08-2022,192208,0,7774,0,,,,,
AFG,Asia,Afghanistan,41128772,30-08-2022,192208,0,7774,0,,,,,
AFG,Asia,Afghanistan,41128772,31-08-2022,192208,0,7774,0,,,,,
AFG,Asia,Afghanistan,41128772,01-09-2022,192208,0,7774,0,,,,,
AFG,Asia,Afghanistan,41128772,02-09-2022,192208,0,7774,0,,,,,
AFG,Asia,Afghanistan,41128772,03-09-2022,192208,0,7774,0,,,,,
AFG,Asia,Afghanistan,41128772,04-09-2022,193887,1679,7780,6,,,,,
AFG,Asia,Afghanistan,41128772,05-09-2022,193887,0,7780,0,,,,,
AFG,Asia,Afghanistan,41128772,06-09-2022,193887,0,7780,0,,,,,
AFG,Asia,Afghanistan,41128772,07-09-2022,193887,0,7780,0,,,,,
AFG,Asia,Afghanistan,41128772,08-09-2022,193887,0,7780,0,,,,,
AFG,Asia,Afghanistan,41128772,09-09-2022,193887,0,7780,0,,,,,
AFG,Asia,Afghanistan,41128772,10-09-2022,193887,0,7780,0,,,,,
AFG,Asia,Afghanistan,41128772,11-09-2022,195647,1760,7787,7,,,,,
AFG,Asia,Afghanistan,41128772,12-09-2022,195647,0,7787,0,,,,,
AFG,Asia,Afghanistan,41128772,13-09-2022,195647,0,7787,0,,,,,
AFG,Asia,Afghanistan,41128772,14-09-2022,195647,0,7787,0,,,,,
AFG,Asia,Afghanistan,41128772,15-09-2022,195647,0,7787,0,,,,,
AFG,Asia,Afghanistan,41128772,16-09-2022,195647,0,7787,0,,,,,
AFG,Asia,Afghanistan,41128772,17-09-2022,195647,0,7787,0,,,,,
AFG,Asia,Afghanistan,41128772,18-09-2022,197082,1435,7794,7,,,,,
AFG,Asia,Afghanistan,41128772,19-09-2022,197082,0,7794,0,,,,,
AFG,Asia,Afghanistan,41128772,20-09-2022,197082,0,7794,0,,,,,
AFG,Asia,Afghanistan,41128772,21-09-2022,197082,0,7794,0,,,,,
AFG,Asia,Afghanistan,41128772,22-09-2022,197082,0,7794,0,,,,,
AFG,Asia,Afghanistan,41128772,23-09-2022,197082,0,7794,0,,,,,
AFG,Asia,Afghanistan,41128772,24-09-2022,197082,0,7794,0,,,,,
AFG,Asia,Afghanistan,41128772,25-09-2022,198283,1201,7796,2,,,,,
AFG,Asia,Afghanistan,41128772,26-09-2022,198283,0,7796,0,,,,,
AFG,Asia,Afghanistan,41128772,27-09-2022,198283,0,7796,0,,,,,
AFG,Asia,Afghanistan,41128772,28-09-2022,198283,0,7796,0,,,,,
AFG,Asia,Afghanistan,41128772,29-09-2022,198283,0,7796,0,,,,,
